model,threshold,accuracy,precision,recall,f1,roc_auc
Logistic Regression,0.1,0.6104011359602414,0.40051165434906194,0.9424749163879599,0.5621384400558548,0.845577228112392
Logistic Regression,0.11,0.6210507632232872,0.40675990675990675,0.9337792642140468,0.5666734321087883,0.845577228112392
Logistic Regression,0.12,0.631700390486333,0.4137418203450327,0.9304347826086956,0.5727815523986,0.845577228112392
Logistic Regression,0.13,0.6464323748668797,0.4240757714634891,0.928428093645485,0.5822147651006712,0.845577228112392
Logistic Regression,0.14,0.6549520766773163,0.42999688182101653,0.9224080267558529,0.5865589111016589,0.845577228112392
Logistic Regression,0.15,0.6661341853035144,0.4380218368657675,0.9123745819397994,0.5918854415274463,0.845577228112392
Logistic Regression,0.16,0.6760738374156905,0.44565217391304346,0.9050167224080268,0.5972191569190024,0.845577228112392
Logistic Regression,0.17,0.6853035143769968,0.4530087897227857,0.8963210702341137,0.6018414551987424,0.845577228112392
Logistic Regression,0.18,0.693645722399716,0.4598260869565217,0.8842809364548495,0.6050343249427917,0.845577228112392
Logistic Regression,0.19,0.7021654242101526,0.4671218109953288,0.8695652173913043,0.6077606358111267,0.845577228112392
Logistic Regression,0.2,0.7105076322328718,0.47472118959107806,0.854180602006689,0.6102747909199522,0.845577228112392
Logistic Regression,0.21,0.7174298899538516,0.4815939278937381,0.8488294314381271,0.6145278450363196,0.845577228112392
Logistic Regression,0.22,0.7248846290379837,0.4892871055707051,0.8401337792642141,0.6184145741014279,0.845577228112392
Logistic Regression,0.23,0.729144479943202,0.4938222399362296,0.82876254180602,0.6188811188811189,0.845577228112392
Logistic Regression,0.24,0.7360667376641817,0.5016299918500408,0.8234113712374582,0.6234489744239048,0.845577228112392
Logistic Regression,0.25,0.7424565140220092,0.5091743119266054,0.8167224080267559,0.6272797328538402,0.845577228112392
Logistic Regression,0.26,0.7477813276535321,0.5158254918733961,0.8066889632107024,0.6292721106183147,0.845577228112392
Logistic Regression,0.27,0.7547035853745119,0.5249008373732922,0.7966555183946489,0.6328374070138151,0.845577228112392
Logistic Regression,0.28,0.7598509052183173,0.531981981981982,0.7899665551839465,0.6358008075370121,0.845577228112392
Logistic Regression,0.29,0.7626908058217963,0.5365064695009242,0.7765886287625418,0.6345996173817983,0.845577228112392
Logistic Regression,0.3,0.7657082002129926,0.5412930627654554,0.7672240802675585,0.6347537354731599,0.845577228112392
Logistic Regression,0.31,0.7687255946041889,0.5462873674059788,0.7578595317725753,0.6349117399831886,0.845577228112392
Logistic Regression,0.32,0.7736954206602769,0.5543478260869565,0.7505016722408027,0.6376811594202898,0.845577228112392
Logistic Regression,0.33,0.7767128150514732,0.56,0.7397993311036789,0.6374639769452449,0.845577228112392
Logistic Regression,0.34,0.7783102591409301,0.5639293139293139,0.725752508361204,0.6346885054109389,0.845577228112392
Logistic Regression,0.35,0.7815051473198438,0.5702127659574469,0.717056856187291,0.6352592592592593,0.845577228112392
Logistic Regression,0.36,0.7832800851970181,0.5747816593886463,0.7043478260869566,0.6330027051397655,0.845577228112392
Logistic Regression,0.37,0.7839900603478879,0.5777404921700223,0.6909698996655519,0.6293024672555589,0.845577228112392
Logistic Regression,0.38,0.7845225417110401,0.5806081468732072,0.676923076923077,0.625077208153181,0.845577228112392
Logistic Regression,0.39,0.7875399361022364,0.5871345029239766,0.671571906354515,0.6265210608424338,0.845577228112392
Logistic Regression,0.4,0.7905573304934327,0.5943678849610545,0.6635451505016723,0.6270543615676359,0.845577228112392
Logistic Regression,0.41,0.7939297124600639,0.6027060270602707,0.6555183946488294,0.6280038449214995,0.845577228112392
Logistic Regression,0.42,0.7948171813986511,0.6081684747925973,0.6374581939799331,0.6224689745264533,0.845577228112392
Logistic Regression,0.43,0.7955271565495208,0.6127547666009204,0.6234113712374582,0.6180371352785146,0.845577228112392
Logistic Regression,0.44,0.7973020944266951,0.6193373901284652,0.6127090301003344,0.6160053799596503,0.845577228112392
Logistic Regression,0.45,0.7976570820021299,0.6231783483691881,0.6006688963210702,0.611716621253406,0.845577228112392
Logistic Regression,0.46,0.8013844515441959,0.6346704871060171,0.5926421404682274,0.6129367001037703,0.845577228112392
Logistic Regression,0.47,0.8010294639687611,0.6370967741935484,0.5812709030100335,0.6079048618398041,0.845577228112392
Logistic Regression,0.48,0.8022719204827831,0.645087585681645,0.5665551839464883,0.6032763532763533,0.845577228112392
Logistic Regression,0.49,0.8019169329073482,0.6483946750195771,0.5538461538461539,0.5974025974025974,0.845577228112392
Logistic Regression,0.5,0.802626908058218,0.6543110394842868,0.5431438127090301,0.5935672514619883,0.845577228112392
Logistic Regression,0.51,0.8024494142705005,0.6565573770491804,0.5357859531772575,0.5900552486187846,0.845577228112392
Logistic Regression,0.52,0.8040468583599574,0.6655376799322608,0.525752508361204,0.5874439461883408,0.845577228112392
Logistic Regression,0.53,0.80386936457224,0.6704545454545454,0.5130434782608696,0.5812807881773399,0.845577228112392
Logistic Regression,0.54,0.8040468583599574,0.6778889899909009,0.4983277591973244,0.574402467232074,0.845577228112392
Logistic Regression,0.55,0.8044018459353922,0.6852026390197926,0.4862876254180602,0.5688575899843505,0.845577228112392
Logistic Regression,0.56,0.8047568335108272,0.695351137487636,0.47023411371237456,0.5610534716679968,0.845577228112392
Logistic Regression,0.57,0.8033368832090877,0.6992790937178167,0.45418060200668897,0.5506893755068938,0.845577228112392
Logistic Regression,0.58,0.8024494142705005,0.7067099567099567,0.4367892976588629,0.5398925175692435,0.845577228112392
Logistic Regression,0.59,0.8008519701810437,0.7116912599318955,0.4193979933110368,0.5277777777777778,0.845577228112392
Logistic Regression,0.6,0.7971246006389776,0.7105263157894737,0.39732441471571905,0.5096525096525096,0.845577228112392
Logistic Regression,0.61,0.7951721689740859,0.7188703465982028,0.3745819397993311,0.4925241864555849,0.845577228112392
Logistic Regression,0.62,0.7933972310969116,0.7251700680272108,0.3565217391304348,0.4780269058295964,0.845577228112392
Logistic Regression,0.63,0.792332268370607,0.7365356622998545,0.3384615384615385,0.46379468377635197,0.845577228112392
Logistic Regression,0.64,0.7916222932197373,0.7480680061823802,0.3237458193979933,0.4519140989729225,0.845577228112392
Logistic Regression,0.65,0.7893148739794107,0.7541254125412541,0.305685618729097,0.4350309376487387,0.845577228112392
Logistic Regression,0.66,0.7850550230741924,0.7508833922261484,0.2842809364548495,0.41242115477923336,0.845577228112392
Logistic Regression,0.67,0.7831025914093007,0.7580340264650284,0.2682274247491639,0.39624505928853754,0.845577228112392
Logistic Regression,0.68,0.7802626908058218,0.7693920335429769,0.2454849498327759,0.372210953346856,0.845577228112392
Logistic Regression,0.69,0.7781327653532126,0.7777777777777778,0.2294314381270903,0.3543388429752066,0.845577228112392
Logistic Regression,0.7,0.7747603833865815,0.7797029702970297,0.21070234113712374,0.33175355450236965,0.845577228112392
Logistic Regression,0.71,0.7715654952076677,0.7857142857142857,0.19130434782608696,0.3076923076923077,0.845577228112392
Logistic Regression,0.72,0.7674831380901669,0.7993527508090615,0.16521739130434782,0.2738359201773836,0.845577228112392
Logistic Regression,0.73,0.7648207312744054,0.8102189781021898,0.14849498327759197,0.2509892594686263,0.845577228112392
Logistic Regression,0.74,0.7600283990060348,0.8264840182648402,0.12107023411371237,0.21120186697782964,0.845577228112392
Logistic Regression,0.75,0.7564785232516862,0.8435754189944135,0.10100334448160535,0.18040621266427717,0.845577228112392
Logistic Regression,0.76,0.7532836350727724,0.8620689655172413,0.08361204013377926,0.1524390243902439,0.845577228112392
Logistic Regression,0.77,0.7511537096201633,0.8842975206611571,0.07157190635451505,0.13242574257425743,0.845577228112392
Logistic Regression,0.78,0.7476038338658147,0.8924731182795699,0.05551839464882943,0.10453400503778337,0.845577228112392
Logistic Regression,0.79,0.7438764643237487,0.8823529411764706,0.04013377926421405,0.07677543186180422,0.845577228112392
Logistic Regression,0.8,0.7421015264465743,0.92,0.03076923076923077,0.05954692556634304,0.845577228112392
Logistic Regression,0.81,0.7401490947816827,0.9696969696969697,0.02140468227424749,0.041884816753926704,0.845577228112392
Logistic Regression,0.82,0.7385516506922257,0.9583333333333334,0.015384615384615385,0.030283080974325215,0.845577228112392
Logistic Regression,0.83,0.7371317003904864,0.9375,0.010033444816053512,0.01985440105890139,0.845577228112392
Logistic Regression,0.84,0.7357117500887469,0.875,0.0046822742474916385,0.009314703925482368,0.845577228112392
Logistic Regression,0.85,0.7350017749378772,1.0,0.0013377926421404682,0.0026720106880427524,0.845577228112392
Logistic Regression,0.86,0.7346467873624423,0.0,0.0,0.0,0.845577228112392
Logistic Regression,0.87,0.7346467873624423,0.0,0.0,0.0,0.845577228112392
Logistic Regression,0.88,0.7346467873624423,0.0,0.0,0.0,0.845577228112392
Logistic Regression,0.89,0.7346467873624423,0.0,0.0,0.0,0.845577228112392
Logistic Regression,0.9,0.7346467873624423,0.0,0.0,0.0,0.845577228112392
Balanced Logistic Regression,0.1,0.48296059637912675,0.33708639705882354,0.9812709030100334,0.5017957927142124,0.8454671729312736
Balanced Logistic Regression,0.11,0.4971600993965211,0.3431786216596343,0.9792642140468227,0.5082450963374414,0.8454671729312736
Balanced Logistic Regression,0.12,0.5115370962016329,0.34946107784431135,0.9759197324414716,0.5146384479717813,0.8454671729312736
Balanced Logistic Regression,0.13,0.5228966986155484,0.3547601655709764,0.974581939799331,0.5201713673687969,0.8454671729312736
Balanced Logistic Regression,0.14,0.5315938942137025,0.3588351431391905,0.9725752508361204,0.5242473409049937,0.8454671729312736
Balanced Logistic Regression,0.15,0.5420660276890309,0.363932781540005,0.9705685618729097,0.5293688434877781,0.8454671729312736
Balanced Logistic Regression,0.16,0.5498757543485978,0.3679269221009896,0.9698996655518395,0.5334805003679176,0.8454671729312736
Balanced Logistic Regression,0.17,0.5583954561590344,0.37213494720576873,0.9665551839464883,0.5373744886574935,0.8454671729312736
Balanced Logistic Regression,0.18,0.5701100461483848,0.37831451824625884,0.9638795986622074,0.5433634992458521,0.8454671729312736
Balanced Logistic Regression,0.19,0.5764998225062122,0.38148443735035914,0.9591973244147157,0.5458698134754473,0.8454671729312736
Balanced Logistic Regression,0.2,0.5848420305289315,0.3858842617631152,0.954515050167224,0.5495859811284421,0.8454671729312736
Balanced Logistic Regression,0.21,0.5906993255236067,0.3889345384826075,0.9498327759197325,0.5518849591916052,0.8454671729312736
Balanced Logistic Regression,0.22,0.5977990770323038,0.3928869130313976,0.945819397993311,0.5551629367883785,0.8454671729312736
Balanced Logistic Regression,0.23,0.6054313099041534,0.3975225225225225,0.9444816053511705,0.5595403209827621,0.8454671729312736
Balanced Logistic Regression,0.24,0.6112886048988285,0.4011379800853485,0.9431438127090301,0.562874251497006,0.8454671729312736
Balanced Logistic Regression,0.25,0.6166134185303515,0.40437158469945356,0.9404682274247491,0.5655671761866452,0.8454671729312736
Balanced Logistic Regression,0.26,0.6206957756478523,0.40657741559953436,0.934448160535117,0.5666193469884405,0.8454671729312736
Balanced Logistic Regression,0.27,0.62637557685481,0.4102941176470588,0.9331103678929766,0.5699693564862104,0.8454671729312736
Balanced Logistic Regression,0.28,0.6343627973020944,0.4155455904334828,0.9297658862876255,0.5743801652892562,0.8454671729312736
Balanced Logistic Regression,0.29,0.6400425985090522,0.4195107218363032,0.9290969899665552,0.5780274656679151,0.8454671729312736
Balanced Logistic Regression,0.3,0.6471423500177493,0.4244096902790555,0.925752508361204,0.5820016820857864,0.8454671729312736
Balanced Logistic Regression,0.31,0.6524671636492723,0.4281725100837729,0.9230769230769231,0.5849936413734633,0.8454671729312736
Balanced Logistic Regression,0.32,0.6595669151579695,0.43342776203966005,0.9210702341137124,0.5894691780821918,0.8454671729312736
Balanced Logistic Regression,0.33,0.6632942847000355,0.4359464627151052,0.9150501672240803,0.5905460824519749,0.8454671729312736
Balanced Logistic Regression,0.34,0.670926517571885,0.44170185125040595,0.9096989966555183,0.5946655006558811,0.8454671729312736
Balanced Logistic Regression,0.35,0.6766063187788427,0.4459504132231405,0.9023411371237459,0.5969026548672567,0.8454671729312736
Balanced Logistic Regression,0.36,0.6833510827121051,0.4514285714285714,0.8983277591973244,0.6008948545861298,0.8454671729312736
Balanced Logistic Regression,0.37,0.68991835285765,0.45690834473324216,0.8936454849498328,0.6046616881647432,0.8454671729312736
Balanced Logistic Regression,0.38,0.6931132410365637,0.4593184979137691,0.8836120401337793,0.6044383436284603,0.8454671729312736
Balanced Logistic Regression,0.39,0.6984380546680866,0.4638041163946061,0.874247491638796,0.6060746580106654,0.8454671729312736
Balanced Logistic Regression,0.4,0.706425275115371,0.4710593374590462,0.8655518394648829,0.6100895803866101,0.8454671729312736
Balanced Logistic Regression,0.41,0.7096201632942847,0.47399483585392843,0.8595317725752508,0.6110318592486923,0.8454671729312736
Balanced Logistic Regression,0.42,0.7147674831380901,0.4789631855747558,0.8528428093645485,0.6134231416887178,0.8454671729312736
Balanced Logistic Regression,0.43,0.7193823216187434,0.48357524828113063,0.8468227424749164,0.6156090444930707,0.8454671729312736
Balanced Logistic Regression,0.44,0.7232871849485268,0.4875486381322957,0.8381270903010033,0.6164821648216482,0.8454671729312736
Balanced Logistic Regression,0.45,0.7270145544905928,0.4915187376725838,0.8334448160535117,0.6183622828784119,0.8454671729312736
Balanced Logistic Regression,0.46,0.731629392971246,0.49659591509811774,0.8294314381270903,0.6212424849699398,0.8454671729312736
Balanced Logistic Regression,0.47,0.7360667376641817,0.5016326530612245,0.8220735785953177,0.6230671736375158,0.8454671729312736
Balanced Logistic Regression,0.48,0.7401490947816827,0.5064718162839248,0.811371237458194,0.6236503856041131,0.8454671729312736
Balanced Logistic Regression,0.49,0.7447639332623358,0.512091641917692,0.8073578595317725,0.6266874350986501,0.8454671729312736
Balanced Logistic Regression,0.5,0.7488462903798367,0.5172711571675302,0.8013377926421404,0.6287063762791918,0.8454671729312736
Balanced Logistic Regression,0.51,0.7534611288604899,0.523306948109059,0.7959866220735786,0.6314672326877155,0.8454671729312736
Balanced Logistic Regression,0.52,0.7582534611288605,0.5299145299145299,0.7879598662207358,0.633674018289403,0.8454671729312736
Balanced Logistic Regression,0.53,0.7598509052183173,0.5324794144556267,0.7785953177257525,0.632436837815811,0.8454671729312736
Balanced Logistic Regression,0.54,0.7639332623358183,0.5383899488134016,0.7739130434782608,0.6350164654226125,0.8454671729312736
Balanced Logistic Regression,0.55,0.7660631877884274,0.541923259118901,0.7652173913043478,0.634498058790904,0.8454671729312736
Balanced Logistic Regression,0.56,0.7697905573304934,0.5478260869565217,0.7585284280936455,0.6361851332398317,0.8454671729312736
Balanced Logistic Regression,0.57,0.7729854455094072,0.5534653465346535,0.7478260869565218,0.6361308677098151,0.8454671729312736
Balanced Logistic Regression,0.58,0.7763578274760383,0.559735638027453,0.7364548494983277,0.6360485268630849,0.8454671729312736
Balanced Logistic Regression,0.59,0.7790202342917998,0.5652400835073069,0.7244147157190636,0.635004397537379,0.8454671729312736
Balanced Logistic Regression,0.6,0.7823926162584309,0.57150451887294,0.7190635451505016,0.6368483412322274,0.8454671729312736
Balanced Logistic Regression,0.61,0.7834575789847356,0.5753424657534246,0.7023411371237458,0.6325301204819277,0.8454671729312736
Balanced Logistic Regression,0.62,0.7859424920127795,0.5807713806595863,0.6949832775919732,0.6327649208282582,0.8454671729312736
Balanced Logistic Regression,0.63,0.7864749733759319,0.5839080459770115,0.6795986622073579,0.628129829984544,0.8454671729312736
Balanced Logistic Regression,0.64,0.7887823926162584,0.5895478567234292,0.671571906354515,0.6278924327704816,0.8454671729312736
Balanced Logistic Regression,0.65,0.791089811856585,0.5952095808383233,0.6648829431438127,0.6281200631911532,0.8454671729312736
Balanced Logistic Regression,0.66,0.7928647497337593,0.6017369727047146,0.6488294314381271,0.624396523978114,0.8454671729312736
Balanced Logistic Regression,0.67,0.7957046503372383,0.6111111111111112,0.6327759197324415,0.6217548471902727,0.8454671729312736
Balanced Logistic Regression,0.68,0.7969471068512602,0.6175485599464167,0.6167224080267558,0.6171352074966533,0.8454671729312736
Balanced Logistic Regression,0.69,0.7974795882144124,0.6220689655172413,0.6033444816053511,0.6125636672325976,0.8454671729312736
Balanced Logistic Regression,0.7,0.7994320198793042,0.6293408929836996,0.5939799331103679,0.6111493461803166,0.8454671729312736
Balanced Logistic Regression,0.71,0.8012069577564785,0.6387860843819393,0.577257525083612,0.60646521433591,0.8454671729312736
Balanced Logistic Regression,0.72,0.8013844515441959,0.6443932411674347,0.5612040133779265,0.5999284948158742,0.8454671729312736
Balanced Logistic Regression,0.73,0.8010294639687611,0.6484126984126984,0.5464882943143813,0.593103448275862,0.8454671729312736
Balanced Logistic Regression,0.74,0.8024494142705005,0.6581125827814569,0.5317725752508361,0.5882352941176471,0.8454671729312736
Balanced Logistic Regression,0.75,0.8010294639687611,0.6598290598290598,0.5163879598662208,0.5793621013133208,0.8454671729312736
Balanced Logistic Regression,0.76,0.8024494142705005,0.671146953405018,0.5010033444816053,0.5737265415549598,0.8454671729312736
Balanced Logistic Regression,0.77,0.8024494142705005,0.6808712121212122,0.4809364548494983,0.5637005096040768,0.8454671729312736
Balanced Logistic Regression,0.78,0.8042243521476748,0.6983805668016194,0.46153846153846156,0.5557792992347966,0.8454671729312736
Balanced Logistic Regression,0.79,0.8012069577564785,0.7044711014176663,0.43210702341137125,0.5356550580431177,0.8454671729312736
Balanced Logistic Regression,0.8,0.7978345757898474,0.7134292565947242,0.3979933110367893,0.5109489051094891,0.8454671729312736
Balanced Logistic Regression,0.81,0.7946396876109336,0.7229551451187335,0.3665551839464883,0.486462494451842,0.8454671729312736
Balanced Logistic Regression,0.82,0.7930422435214768,0.7387518142235123,0.34046822742474914,0.4661172161172161,0.8454671729312736
Balanced Logistic Regression,0.83,0.7891373801916933,0.7495934959349594,0.3083612040133779,0.4369668246445498,0.8454671729312736
Balanced Logistic Regression,0.84,0.7850550230741924,0.7553956834532374,0.2809364548494983,0.40955631399317405,0.8454671729312736
Balanced Logistic Regression,0.85,0.7802626908058218,0.7682672233820459,0.24615384615384617,0.3728470111448835,0.8454671729312736
Balanced Logistic Regression,0.86,0.7747603833865815,0.775609756097561,0.21270903010033446,0.33385826771653543,0.8454671729312736
Balanced Logistic Regression,0.87,0.7678381256656017,0.7876923076923077,0.17123745819397992,0.2813186813186813,0.8454671729312736
Balanced Logistic Regression,0.88,0.7618033368832091,0.8122448979591836,0.1331103678929766,0.22873563218390805,0.8454671729312736
Balanced Logistic Regression,0.89,0.7539936102236422,0.8427672955974843,0.08963210702341137,0.16203143893591293,0.8454671729312736
Balanced Logistic Regression,0.9,0.748136315228967,0.8653846153846154,0.06020066889632107,0.1125703564727955,0.8454671729312736
Random Forest,0.1,0.5869719559815406,0.38652482269503546,0.9478260869565217,0.5491183879093199,0.8360981802109148
Random Forest,0.11,0.601171458998935,0.3943820224719101,0.9391304347826087,0.5554896142433234,0.8360981802109148
Random Forest,0.12,0.6153709620163295,0.402834008097166,0.9317725752508361,0.5624873813850192,0.8360981802109148
Random Forest,0.13,0.6281505147319844,0.4106611078022632,0.9224080267558529,0.5683082629301462,0.8360981802109148
Random Forest,0.14,0.6388001419950302,0.41743119266055045,0.9130434782608695,0.5729275970619098,0.8360981802109148
Random Forest,0.15,0.6492722754703585,0.42429965376141016,0.9016722408026756,0.577054794520548,0.8360981802109148
Random Forest,0.16,0.6629392971246006,0.4342875731945348,0.8929765886287625,0.5843729481286933,0.8360981802109148
Random Forest,0.17,0.6728789492367767,0.44184491978609625,0.8842809364548495,0.5892578560285269,0.8360981802109148
Random Forest,0.18,0.6813986510472133,0.4484536082474227,0.8729096989966555,0.5925085130533485,0.8360981802109148
Random Forest,0.19,0.691160809371672,0.45691171297924726,0.8688963210702341,0.598893499308437,0.8360981802109148
Random Forest,0.2,0.7002129925452609,0.46498194945848376,0.8615384615384616,0.6039859320046893,0.8360981802109148
Random Forest,0.21,0.7085552005679802,0.47276769173768063,0.8535117056856187,0.6084883166428231,0.8360981802109148
Random Forest,0.22,0.7129925452609158,0.4768413059984814,0.8401337792642141,0.60837975296682,0.8360981802109148
Random Forest,0.23,0.7209797657082002,0.4849550605705354,0.8301003344481606,0.6122348297977306,0.8360981802109148
Random Forest,0.24,0.72790202342918,0.49236334405144694,0.8193979933110368,0.6151142355008787,0.8360981802109148
Random Forest,0.25,0.7348242811501597,0.5002066969822241,0.8093645484949833,0.6182933060807358,0.8360981802109148
Random Forest,0.26,0.7397941072062478,0.5061466723187792,0.7986622073578595,0.6196159833938765,0.8360981802109148
Random Forest,0.27,0.7458288959886404,0.5137016093953893,0.7899665551839465,0.6225619399051133,0.8360981802109148
Random Forest,0.28,0.7490237841675541,0.5180722891566265,0.7765886287625418,0.6215203426124197,0.8360981802109148
Random Forest,0.29,0.7536386226482074,0.5246430216490097,0.7618729096989967,0.6213857064920895,0.8360981802109148
Random Forest,0.3,0.7586084487042953,0.5317946302402261,0.7551839464882943,0.6241017136539525,0.8360981802109148
Random Forest,0.31,0.7610933617323393,0.5359036144578313,0.7438127090301003,0.62296918767507,0.8360981802109148
Random Forest,0.32,0.7655307064252751,0.543026706231454,0.7344481605351171,0.6243957918680694,0.8360981802109148
Random Forest,0.33,0.7701455449059283,0.5510725229826353,0.7217391304347827,0.6249637995945555,0.8360981802109148
Random Forest,0.34,0.7722754703585375,0.555613850996852,0.7083612040133779,0.622758012349309,0.8360981802109148
Random Forest,0.35,0.7765353212637558,0.5636461704422869,0.6989966555183946,0.6240668856375038,0.8360981802109148
Random Forest,0.36,0.7781327653532126,0.5679423183582918,0.6849498327759197,0.6209824135839903,0.8360981802109148
Random Forest,0.37,0.7829250976215832,0.5783410138248848,0.671571906354515,0.6214794181367997,0.8360981802109148
Random Forest,0.38,0.7841675541356052,0.5823008849557522,0.6602006688963211,0.618808777429467,0.8360981802109148
Random Forest,0.39,0.7859424920127795,0.5875227135069655,0.6488294314381271,0.6166560712015258,0.8360981802109148
Random Forest,0.4,0.787362442314519,0.5927545284197376,0.6347826086956522,0.6130490956072352,0.8360981802109148
Random Forest,0.41,0.788604898828541,0.5976863753213367,0.6220735785953178,0.6096361848574238,0.8360981802109148
Random Forest,0.42,0.7925097621583245,0.6082337317397079,0.6127090301003344,0.6104631789403532,0.8360981802109148
Random Forest,0.43,0.7944621938232161,0.6156485929993136,0.6,0.6077235772357723,0.8360981802109148
Random Forest,0.44,0.7958821441249556,0.6233023588277341,0.5832775919732441,0.6026261230131306,0.8360981802109148
Random Forest,0.45,0.7969471068512602,0.6299037749814952,0.5692307692307692,0.5980323260716796,0.8360981802109148
Random Forest,0.46,0.7980120695775648,0.635948210205636,0.5585284280936454,0.5947293447293447,0.8360981802109148
Random Forest,0.47,0.7992545260915868,0.6428571428571429,0.5478260869565217,0.5915492957746479,0.8360981802109148
Random Forest,0.48,0.8019169329073482,0.6552006552006552,0.5351170568561873,0.5891016200294551,0.8360981802109148
Random Forest,0.49,0.8022719204827831,0.6618521665250637,0.5210702341137123,0.5830838323353293,0.8360981802109148
Random Forest,0.5,0.8010294639687611,0.6654867256637168,0.5030100334448161,0.572952380952381,0.8360981802109148
Random Forest,0.51,0.7999645012424565,0.6691176470588235,0.48695652173913045,0.5636856368563685,0.8360981802109148
Random Forest,0.52,0.7973020944266951,0.6702025072324012,0.46488294314381273,0.5489731437598736,0.8360981802109148
Random Forest,0.53,0.7955271565495208,0.6713286713286714,0.44949832775919735,0.5384615384615384,0.8360981802109148
Random Forest,0.54,0.7928647497337593,0.6708333333333333,0.4307692307692308,0.5246435845213849,0.8360981802109148
Random Forest,0.55,0.791089811856585,0.673202614379085,0.4133779264214047,0.5122254455035226,0.8360981802109148
Random Forest,0.56,0.7900248491302805,0.6793103448275862,0.39531772575250834,0.4997885835095137,0.8360981802109148
Random Forest,0.57,0.7893148739794107,0.684652278177458,0.38193979933110367,0.49033920137398024,0.8360981802109148
Random Forest,0.58,0.7891373801916933,0.6930817610062893,0.368561872909699,0.4812227074235808,0.8360981802109148
Random Forest,0.59,0.788604898828541,0.6984334203655352,0.35785953177257523,0.4732419283502875,0.8360981802109148
Random Forest,0.6,0.7891373801916933,0.7082767978290366,0.3491638795986622,0.46774193548387094,0.8360981802109148
Random Forest,0.61,0.7875399361022364,0.7098591549295775,0.33712374581939797,0.45714285714285713,0.8360981802109148
Random Forest,0.62,0.7871849485268015,0.7157434402332361,0.328428093645485,0.45025217790004585,0.8360981802109148
Random Forest,0.63,0.7868299609513667,0.7261538461538461,0.3157190635451505,0.4400932400932401,0.8360981802109148
Random Forest,0.64,0.7866524671636492,0.7359098228663447,0.305685618729097,0.43194706994328924,0.8360981802109148
Random Forest,0.65,0.7841675541356052,0.7352445193929174,0.29163879598662207,0.41762452107279696,0.8360981802109148
Random Forest,0.66,0.7838125665601704,0.7468805704099821,0.2802675585284281,0.4075875486381323,0.8360981802109148
Random Forest,0.67,0.7820376286829961,0.7495327102803738,0.2682274247491639,0.39507389162561574,0.8360981802109148
Random Forest,0.68,0.7809726659566916,0.7553816046966731,0.2581939799331104,0.3848454636091725,0.8360981802109148
Random Forest,0.69,0.7790202342917998,0.757201646090535,0.24615384615384617,0.37152953054013127,0.8360981802109148
Random Forest,0.7,0.7768903088391906,0.7575757575757576,0.23411371237458195,0.35769034236075625,0.8360981802109148
Random Forest,0.71,0.7740504082357117,0.7581395348837209,0.2180602006688963,0.3387012987012987,0.8360981802109148
Random Forest,0.72,0.7713880014199503,0.7647058823529411,0.2,0.3170731707317073,0.8360981802109148
Random Forest,0.73,0.7692580759673412,0.7642276422764228,0.18862876254180602,0.30257510729613735,0.8360981802109148
Random Forest,0.74,0.7687255946041889,0.7742857142857142,0.18127090301003346,0.29376693766937667,0.8360981802109148
Random Forest,0.75,0.7674831380901669,0.7846153846153846,0.1705685618729097,0.2802197802197802,0.8360981802109148
Random Forest,0.76,0.7637557685481008,0.7733333333333333,0.1551839464882943,0.2584958217270195,0.8360981802109148
Random Forest,0.77,0.7614483493077743,0.7706093189964157,0.14381270903010032,0.24239007891770012,0.8360981802109148
Random Forest,0.78,0.7610933617323393,0.7876447876447876,0.13645484949832776,0.23261117445838084,0.8360981802109148
Random Forest,0.79,0.7603833865814696,0.8111587982832618,0.12642140468227425,0.21875,0.8360981802109148
Random Forest,0.8,0.7575434859779908,0.8115942028985508,0.11237458193979934,0.19741480611045828,0.8360981802109148
Random Forest,0.81,0.7566560170394037,0.8297872340425532,0.10434782608695652,0.18538324420677363,0.8360981802109148
Random Forest,0.82,0.7550585729499467,0.8484848484848485,0.09364548494983277,0.1686746987951807,0.8360981802109148
Random Forest,0.83,0.7527511537096202,0.8445945945945946,0.08361204013377926,0.15216068167985392,0.8360981802109148
Random Forest,0.84,0.7516861909833156,0.8478260869565217,0.0782608695652174,0.14329454990814453,0.8360981802109148
Random Forest,0.85,0.7497337593184239,0.8512396694214877,0.06889632107023412,0.12747524752475248,0.8360981802109148
Random Forest,0.86,0.7483138090166844,0.8468468468468469,0.06287625418060201,0.11706102117061021,0.8360981802109148
Random Forest,0.87,0.7463613773517926,0.84375,0.05418060200668896,0.10182275298554368,0.8360981802109148
Random Forest,0.88,0.7452964146254881,0.8571428571428571,0.048160535117056855,0.09119696010132995,0.8360981802109148
Random Forest,0.89,0.7436989705360313,0.84,0.042140468227424746,0.08025477707006369,0.8360981802109148
Random Forest,0.9,0.7421015264465743,0.85,0.03411371237458194,0.06559485530546624,0.8360981802109148
Gradient Boosting,0.1,0.6210507632232872,0.40675990675990675,0.9337792642140468,0.5666734321087883,0.84714902942158
Gradient Boosting,0.11,0.6348952786652468,0.4154632972322503,0.9237458193979933,0.5731479560074705,0.84714902942158
Gradient Boosting,0.12,0.6496272630457934,0.4255517562946845,0.9157190635451505,0.5810696095076401,0.84714902942158
Gradient Boosting,0.13,0.6636492722754703,0.43581514762516044,0.9083612040133779,0.589026241596183,0.84714902942158
Gradient Boosting,0.14,0.6730564430244942,0.4429838974696024,0.9016722408026756,0.5940943146760688,0.84714902942158
Gradient Boosting,0.15,0.6833510827121051,0.451231859601755,0.894314381270903,0.5998205473306415,0.84714902942158
Gradient Boosting,0.16,0.691160809371672,0.4576271186440678,0.8849498327759198,0.6032831737346102,0.84714902942158
Gradient Boosting,0.17,0.6963081292154775,0.4619181946403385,0.8762541806020067,0.6049411221426922,0.84714902942158
Gradient Boosting,0.18,0.7050053248136315,0.4697792254795512,0.8682274247491639,0.6096759041803663,0.84714902942158
Gradient Boosting,0.19,0.715122470713525,0.47949291573452646,0.8602006688963211,0.6157529327268374,0.84714902942158
Gradient Boosting,0.2,0.7202697905573305,0.4845714285714286,0.8508361204013378,0.6174757281553398,0.84714902942158
Gradient Boosting,0.21,0.7289669861554846,0.4937451133698202,0.8448160535117056,0.6232420429311621,0.84714902942158
Gradient Boosting,0.22,0.7328718494852681,0.49799839871897517,0.8321070234113712,0.6230904082143751,0.84714902942158
Gradient Boosting,0.23,0.7387291444799432,0.5047150471504716,0.8234113712374582,0.6258261311642095,0.84714902942158
Gradient Boosting,0.24,0.741569045083422,0.508141962421712,0.8140468227424749,0.625706940874036,0.84714902942158
Gradient Boosting,0.25,0.7447639332623358,0.5121742844938061,0.8020066889632107,0.6251303441084463,0.84714902942158
Gradient Boosting,0.26,0.7499112531061413,0.5187772925764192,0.7946488294314381,0.6277410832232496,0.84714902942158
Gradient Boosting,0.27,0.7552360667376642,0.5259623992837958,0.7859531772575251,0.6301957629391258,0.84714902942158
Gradient Boosting,0.28,0.7598509052183173,0.5326887661141805,0.7739130434782608,0.6310335424052359,0.84714902942158
Gradient Boosting,0.29,0.7635782747603834,0.5384615384615384,0.7632107023411371,0.6314333148865523,0.84714902942158
Gradient Boosting,0.3,0.7676606318778842,0.5447976878612717,0.7565217391304347,0.6334360123214786,0.84714902942158
Gradient Boosting,0.31,0.7703230386936457,0.549777117384844,0.7424749163879598,0.6317586795674445,0.84714902942158
Gradient Boosting,0.32,0.7747603833865815,0.5574186991869918,0.7337792642140468,0.6335547213398787,0.84714902942158
Gradient Boosting,0.33,0.7781327653532126,0.5637688703800104,0.7244147157190636,0.6340749414519906,0.84714902942158
Gradient Boosting,0.34,0.7816826411075612,0.5707421249332622,0.7150501672240802,0.6347980997624703,0.84714902942158
Gradient Boosting,0.35,0.7854100106496272,0.5785714285714286,0.7043478260869566,0.6352941176470588,0.84714902942158
Gradient Boosting,0.36,0.7889598864039759,0.5870307167235495,0.6903010033444816,0.6344912388564402,0.84714902942158
Gradient Boosting,0.37,0.7916222932197373,0.5938047925189948,0.6795986622073579,0.6338116032439176,0.84714902942158
Gradient Boosting,0.38,0.793574724884629,0.5997596153846154,0.6675585284280936,0.6318455207344096,0.84714902942158
Gradient Boosting,0.39,0.7967696130635428,0.6080246913580247,0.6588628762541806,0.6324237560192616,0.84714902942158
Gradient Boosting,0.4,0.7965921192758253,0.6103731815306768,0.6454849498327759,0.6274382314694408,0.84714902942158
Gradient Boosting,0.41,0.7983670571529996,0.6158812136862492,0.6381270903010033,0.6268068331143233,0.84714902942158
Gradient Boosting,0.42,0.7992545260915868,0.6210106382978723,0.6247491638795987,0.6228742914304768,0.84714902942158
Gradient Boosting,0.43,0.7992545260915868,0.625171939477304,0.6080267558528428,0.6164801627670397,0.84714902942158
Gradient Boosting,0.44,0.8013844515441959,0.6325811001410437,0.6,0.615859938208033,0.84714902942158
Gradient Boosting,0.45,0.802626908058218,0.6384671005061461,0.5906354515050167,0.6136205698401668,0.84714902942158
Gradient Boosting,0.46,0.8029818956336529,0.6424870466321243,0.5806020066889632,0.6099789177793394,0.84714902942158
Gradient Boosting,0.47,0.8035143769968051,0.6478658536585366,0.568561872909699,0.6056287851799074,0.84714902942158
Gradient Boosting,0.48,0.8019169329073482,0.6488609583660644,0.5525083612040134,0.596820809248555,0.84714902942158
Gradient Boosting,0.49,0.8031593894213702,0.655144694533762,0.5451505016722408,0.5951077035414385,0.84714902942158
Gradient Boosting,0.5,0.8033368832090877,0.6600496277915633,0.5337792642140469,0.5902366863905325,0.84714902942158
Gradient Boosting,0.51,0.8017394391196309,0.6615384615384615,0.5177257525083612,0.5808630393996248,0.84714902942158
Gradient Boosting,0.52,0.8022719204827831,0.6690328305235137,0.5043478260869565,0.5751334858886347,0.84714902942158
Gradient Boosting,0.53,0.8020944266950657,0.6759259259259259,0.4882943143812709,0.566990291262136,0.84714902942158
Gradient Boosting,0.54,0.8017394391196309,0.6813819577735125,0.47491638795986624,0.5597162002364998,0.84714902942158
Gradient Boosting,0.55,0.7999645012424565,0.6843687374749499,0.4568561872909699,0.547934215804252,0.84714902942158
Gradient Boosting,0.56,0.7988995385161519,0.689727463312369,0.44013377926421404,0.5373621886484279,0.84714902942158
Gradient Boosting,0.57,0.7985445509407171,0.6956521739130435,0.4280936454849498,0.5300207039337475,0.84714902942158
Gradient Boosting,0.58,0.7962371317003905,0.6947250280583613,0.4140468227424749,0.5188600167644594,0.84714902942158
Gradient Boosting,0.59,0.7949946751863685,0.7014218009478673,0.3959866220735786,0.5061992304403591,0.84714902942158
Gradient Boosting,0.6,0.7937522186723465,0.7053020961775586,0.3826086956521739,0.49609713790112747,0.84714902942158
Gradient Boosting,0.61,0.7932197373091942,0.712082262210797,0.3705685618729097,0.48746150461944565,0.84714902942158
Gradient Boosting,0.62,0.7932197373091942,0.7235772357723578,0.35719063545150503,0.4782803403493059,0.84714902942158
Gradient Boosting,0.63,0.7944621938232161,0.7410586552217453,0.3464882943143813,0.47219690063810393,0.84714902942158
Gradient Boosting,0.64,0.7921547745828896,0.7439759036144579,0.33043478260869563,0.4576192681797128,0.84714902942158
Gradient Boosting,0.65,0.791089811856585,0.7523809523809524,0.31705685618729096,0.4461176470588235,0.84714902942158
Gradient Boosting,0.66,0.7891373801916933,0.7554076539101497,0.3036789297658863,0.43320610687022904,0.84714902942158
Gradient Boosting,0.67,0.7878949236776713,0.7631578947368421,0.2909698996655518,0.4213075060532688,0.84714902942158
Gradient Boosting,0.68,0.784877529286475,0.7605893186003683,0.2762541806020067,0.4052993130520118,0.84714902942158
Gradient Boosting,0.69,0.7838125665601704,0.7689320388349514,0.2648829431438127,0.3940298507462687,0.84714902942158
Gradient Boosting,0.7,0.7825701100461484,0.7766393442622951,0.2535117056856187,0.3822491174987393,0.84714902942158
Gradient Boosting,0.71,0.7809726659566916,0.7919463087248322,0.23678929765886286,0.364572605561277,0.84714902942158
Gradient Boosting,0.72,0.7800851970181044,0.8047619047619048,0.22608695652173913,0.35300261096605745,0.84714902942158
Gradient Boosting,0.73,0.7784877529286475,0.8095238095238095,0.21605351170568562,0.34107708553326294,0.84714902942158
Gradient Boosting,0.74,0.7756478523251686,0.8181818181818182,0.19866220735785953,0.31969860064585576,0.84714902942158
Gradient Boosting,0.75,0.773340433084842,0.8205882352941176,0.1866220735785953,0.30408719346049046,0.84714902942158
Gradient Boosting,0.76,0.7710330138445154,0.8317152103559871,0.17190635451505018,0.28492239467849223,0.84714902942158
Gradient Boosting,0.77,0.7713880014199503,0.8657243816254417,0.16387959866220736,0.2755905511811024,0.84714902942158
Gradient Boosting,0.78,0.7689030883919062,0.8697318007662835,0.15183946488294314,0.25854214123006836,0.84714902942158
Gradient Boosting,0.79,0.7658856940007099,0.8760683760683761,0.13712374581939799,0.2371312897628687,0.84714902942158
Gradient Boosting,0.8,0.7632232871849485,0.8779342723004695,0.12508361204013377,0.2189695550351288,0.84714902942158
Gradient Boosting,0.81,0.7594959176428825,0.8804347826086957,0.10836120401337793,0.19297200714711138,0.84714902942158
Gradient Boosting,0.82,0.756833510827121,0.8834355828220859,0.09632107023411371,0.17370325693606756,0.84714902942158
Gradient Boosting,0.83,0.7539936102236422,0.8920863309352518,0.08294314381270904,0.15177478580171358,0.84714902942158
Gradient Boosting,0.84,0.7511537096201633,0.8842975206611571,0.07157190635451505,0.13242574257425743,0.84714902942158
Gradient Boosting,0.85,0.7465388711395101,0.8850574712643678,0.05150501672240803,0.09734513274336283,0.84714902942158
Gradient Boosting,0.86,0.7442314518991835,0.8970588235294118,0.04080267558528428,0.0780550223928343,0.84714902942158
Gradient Boosting,0.87,0.7422790202342918,0.8771929824561403,0.033444816053511704,0.06443298969072164,0.84714902942158
Gradient Boosting,0.88,0.7394391196308129,0.8857142857142857,0.02073578595317726,0.040522875816993466,0.84714902942158
Gradient Boosting,0.89,0.7371317003904864,0.8181818181818182,0.012040133779264214,0.023731048121292023,0.84714902942158
Gradient Boosting,0.9,0.7369542066027689,0.8823529411764706,0.010033444816053512,0.01984126984126984,0.84714902942158
